Date,Commits (24hr),Issues (24hr),Issues:BUG (24hr),Issues:RFC (24hr),Issues:DOC (24hr),PRs (24hr),Open PRs,Open Issues,Bugs: Needs Triage,Bugs: Accepted,RFC: In Progress,RFC: Accepted,Date (ISO)
"Monday, May 2, 2022",0,4,4,0,0,1,19,123,84,35,0,0,"2022-05-02T12:03:54.032Z"
"Sunday, May 1, 2022",1,3,3,0,0,3,18,119,80,35,0,0,"2022-05-01T12:02:12.599Z"
"Saturday, April 30, 2022",8,0,0,0,0,7,15,117,78,35,0,0,"2022-04-30T12:05:09.128Z"
"Friday, April 29, 2022",2,2,2,0,0,6,18,118,78,36,0,0,"2022-04-29T12:02:04.063Z"
"Thursday, April 28, 2022",7,4,4,0,0,6,14,116,76,36,0,0,"2022-04-28T12:06:59.457Z"
"Wednesday, April 27, 2022",17,4,3,0,0,11,13,112,73,35,0,0,"2022-04-27T12:02:20.277Z"
"Tuesday, April 26, 2022",2,3,3,0,0,0,13,108,69,35,0,0,"2022-04-26T12:06:57.154Z"
"Monday, April 25, 2022",2,3,3,0,0,2,14,105,66,35,0,0,"2022-04-25T12:06:54.900Z"
"Sunday, April 24, 2022",1,4,4,0,0,1,13,102,63,35,0,0,"2022-04-24T12:01:45.655Z"
"Saturday, April 23, 2022",10,1,1,0,0,9,12,98,59,35,0,0,"2022-04-23T12:05:15.509Z"
"Friday, April 22, 2022",20,4,4,0,0,16,12,98,59,35,0,0,"2022-04-22T12:02:01.807Z"
"Thursday, April 21, 2022",7,3,3,0,0,6,9,101,58,37,0,0,"2022-04-21T12:04:09.984Z"
"Wednesday, April 20, 2022",19,0,0,0,0,7,6,108,61,40,0,0,"2022-04-20T12:02:15.590Z"
"Tuesday, April 19, 2022",10,7,5,0,0,9,11,111,62,41,0,0,"2022-04-19T12:07:06.778Z"
"Monday, April 18, 2022",1,2,2,0,0,2,12,112,64,42,0,0,"2022-04-18T12:02:08.237Z"
"Sunday, April 17, 2022",1,3,3,0,0,0,10,110,63,41,0,0,"2022-04-17T12:02:01.010Z"
"Saturday, April 16, 2022",6,3,3,0,0,3,10,107,60,41,0,0,"2022-04-16T12:01:58.759Z"
"Friday, April 15, 2022",9,4,4,0,0,3,10,109,62,41,0,0,"2022-04-15T12:02:05.075Z"
"Thursday, April 14, 2022",7,3,3,0,0,7,12,111,64,41,0,0,"2022-04-14T12:02:08.617Z"
"Wednesday, April 13, 2022",11,4,4,0,0,10,11,116,63,46,0,0,"2022-04-13T12:02:55.765Z"
"Tuesday, April 12, 2022",8,9,9,0,0,4,8,117,67,43,0,0,"2022-04-12T12:03:53.659Z"
"Monday, April 11, 2022",30,9,9,0,0,10,12,109,63,40,0,0,"2022-04-11T12:03:11.469Z"
"Sunday, April 10, 2022",0,8,8,0,0,4,19,103,58,39,0,0,"2022-04-10T12:02:05.421Z"
"Saturday, April 9, 2022",1,1,1,0,0,6,15,95,50,39,0,0,"2022-04-09T12:01:49.149Z"
"Friday, April 8, 2022",13,9,8,0,0,9,9,97,49,41,0,0,"2022-04-08T12:01:59.641Z"
"Thursday, April 7, 2022",17,6,6,0,0,7,6,93,47,40,0,0,"2022-04-07T12:07:02.763Z"
"Wednesday, April 6, 2022",3,2,2,0,0,9,11,91,44,41,0,0,"2022-04-06T12:02:17.434Z"
"Tuesday, April 5, 2022",17,4,4,0,0,8,4,90,44,40,0,0,"2022-04-05T12:02:04.260Z"
"Monday, April 4, 2022",9,3,3,0,0,5,5,89,43,40,0,0,"2022-04-04T12:03:17.763Z"
"Sunday, April 3, 2022",13,2,2,0,0,8,7,88,42,40,0,0,"2022-04-03T12:01:50.051Z"
"Saturday, April 2, 2022",5,0,0,0,0,4,8,88,42,40,0,0,"2022-04-02T12:01:53.880Z"
"Friday, April 1, 2022",13,0,0,0,0,7,7,90,43,41,0,0,"2022-04-01T12:04:00.672Z"
"Thursday, March 31, 2022",6,4,4,0,0,6,10,93,46,41,0,0,"2022-03-31T12:02:11.044Z"
"Wednesday, March 30, 2022",9,2,2,0,0,10,10,90,43,41,0,0,"2022-03-30T12:02:39.303Z"
"Tuesday, March 29, 2022",19,8,8,0,0,9,5,88,41,41,0,0,"2022-03-29T12:06:39.897Z"
"Monday, March 28, 2022",1,7,7,0,0,2,8,83,36,41,0,0,"2022-03-28T12:02:00.954Z"
"Sunday, March 27, 2022",1,2,2,0,0,2,6,77,29,41,0,0,"2022-03-27T12:01:52.463Z"
"Saturday, March 26, 2022",22,5,5,0,0,12,5,75,27,41,0,0,"2022-03-26T12:03:34.243Z"
"Friday, March 25, 2022",18,2,2,0,0,7,6,73,25,40,0,0,"2022-03-25T12:02:05.476Z"
"Thursday, March 24, 2022",8,4,4,0,0,6,11,73,25,41,0,0,"2022-03-24T12:01:58.117Z"
"Wednesday, March 23, 2022",4,1,1,0,0,7,10,69,22,41,0,0,"2022-03-23T12:06:40.033Z"
"Tuesday, March 22, 2022",15,1,1,0,0,6,5,69,23,40,0,0,"2022-03-22T12:01:59.424Z"
"Monday, March 21, 2022",3,2,2,0,0,3,8,69,24,39,0,0,"2022-03-21T12:06:33.558Z"
"Saturday, March 19, 2022",12,2,2,0,0,8,5,69,24,39,0,0,"2022-03-19T12:02:50.935Z"
"Friday, March 18, 2022",5,2,2,0,0,4,6,71,24,41,0,0,"2022-03-18T12:01:47.909Z"
"Thursday, March 17, 2022",6,6,6,0,0,6,5,70,24,41,0,0,"2022-03-17T12:02:03.750Z"
"Wednesday, March 16, 2022",25,2,2,0,0,12,3,66,21,41,0,0,"2022-03-16T12:01:55.986Z"
"Tuesday, March 15, 2022",8,1,1,0,0,10,7,69,22,43,0,0,"2022-03-15T12:02:08.030Z"
"Monday, March 14, 2022",1,5,5,0,0,0,4,71,25,42,0,0,"2022-03-14T12:01:43.105Z"
"Sunday, March 13, 2022",0,6,6,0,0,1,4,70,25,41,0,0,"2022-03-13T12:01:45.133Z"
"Saturday, March 12, 2022",11,4,4,0,0,6,3,64,19,41,0,0,"2022-03-12T12:01:35.541Z"
"Friday, March 11, 2022",19,1,1,0,0,9,3,98,25,65,0,0,"2022-03-11T12:02:08.157Z"
"Thursday, March 10, 2022",20,2,2,0,0,9,11,99,25,66,0,0,"2022-03-10T12:02:00.120Z"
"Wednesday, March 9, 2022",7,0,0,0,0,9,15,98,24,66,0,0,"2022-03-09T12:01:52.983Z"
"Tuesday, March 8, 2022",4,1,1,0,0,2,12,101,25,68,0,0,"2022-03-08T12:02:05.603Z"
"Monday, March 7, 2022",0,1,1,0,0,1,13,102,26,68,0,0,"2022-03-07T12:02:16.928Z"
"Sunday, March 6, 2022",1,2,2,0,0,0,12,101,25,68,0,0,"2022-03-06T12:01:58.491Z"
"Saturday, March 5, 2022",11,1,1,0,0,6,12,99,23,68,0,0,"2022-03-05T12:01:58.094Z"
"Friday, March 4, 2022",6,1,0,0,0,9,13,99,21,70,0,0,"2022-03-04T12:02:11.658Z"
"Thursday, March 3, 2022",9,2,2,0,0,5,12,99,21,71,0,0,"2022-03-03T12:07:54.171Z"
"Wednesday, March 2, 2022",4,0,0,0,0,9,16,98,20,71,0,0,"2022-03-02T12:07:02.784Z"
"Tuesday, March 1, 2022",12,3,3,0,0,10,13,99,21,71,0,0,"2022-03-01T12:06:43.489Z"
"Tuesday, March 1, 2022",10,1,1,0,0,9,14,98,21,70,0,0,"2022-03-01T05:45:14.315Z"
"Monday, February 28, 2022",2,3,3,0,0,2,14,99,21,71,0,0,"2022-02-28T12:02:08.119Z"
"Sunday, February 27, 2022",1,2,2,0,0,1,14,96,19,70,0,0,"2022-02-27T12:02:10.424Z"
"Saturday, February 26, 2022",9,5,5,0,0,4,14,93,16,70,0,0,"2022-02-26T12:02:08.229Z"
"Friday, February 25, 2022",9,2,2,0,0,5,16,90,13,70,0,0,"2022-02-25T12:01:57.890Z"
"Thursday, February 24, 2022",7,3,3,0,0,3,17,90,13,70,0,0,"2022-02-24T12:01:59.430Z"
"Wednesday, February 23, 2022",4,2,2,0,0,3,19,90,14,69,0,0,"2022-02-23T12:02:05.913Z"
"Tuesday, February 22, 2022",2,2,2,0,0,3,18,88,12,69,0,0,"2022-02-22T12:02:43.311Z"
"Monday, February 21, 2022",1,4,4,0,0,0,16,86,11,68,0,0,"2022-02-21T12:01:54.122Z"
"Sunday, February 20, 2022",1,3,3,0,0,5,16,83,8,68,0,0,"2022-02-20T12:01:50.762Z"
"Saturday, February 19, 2022",12,1,1,0,0,9,11,79,4,68,0,0,"2022-02-19T12:01:59.309Z"
"Friday, February 18, 2022",6,5,5,0,0,7,13,78,3,68,0,0,"2022-02-18T12:02:06.389Z"
"Thursday, February 17, 2022",14,2,2,0,0,6,12,82,0,71,0,0,"2022-02-17T12:01:44.444Z"
"Wednesday, February 16, 2022",10,2,2,0,0,6,15,82,1,69,0,0,"2022-02-16T12:02:09.192Z"
"Tuesday, February 15, 2022",5,4,4,0,0,3,14,112,17,70,0,0,"2022-02-15T12:02:06.622Z"
"Monday, February 14, 2022",0,2,2,0,0,0,12,123,12,80,0,0,"2022-02-14T12:02:09.369Z"
"Sunday, February 13, 2022",1,2,2,0,0,0,12,121,10,80,0,0,"2022-02-13T12:01:45.830Z"
"Saturday, February 12, 2022",8,1,1,0,0,4,12,119,8,80,0,0,"2022-02-12T12:01:50.637Z"
"Friday, February 11, 2022",3,3,3,0,0,1,12,119,8,80,0,0,"2022-02-11T12:01:47.482Z"
"Thursday, February 10, 2022",5,1,1,0,0,3,12,117,6,80,0,0,"2022-02-10T12:01:55.410Z"
"Wednesday, February 9, 2022",6,5,5,0,0,10,11,116,6,79,0,0,"2022-02-09T12:01:50.292Z"
"Tuesday, February 8, 2022",15,0,0,0,0,3,5,114,3,80,0,0,"2022-02-08T12:01:47.001Z"
"Monday, February 7, 2022",2,1,1,0,0,1,17,115,4,80,0,0,"2022-02-07T12:01:56.051Z"
"Sunday, February 6, 2022",0,0,0,0,0,1,17,114,3,80,0,0,"2022-02-06T12:03:49.183Z"
"Saturday, February 5, 2022",4,2,2,0,0,3,16,114,3,80,0,0,"2022-02-05T12:03:08.856Z"
"Friday, February 4, 2022",5,3,3,0,0,5,15,114,1,82,0,0,"2022-02-04T12:02:09.216Z"
"Thursday, February 3, 2022",9,1,1,0,0,4,14,113,1,81,0,0,"2022-02-03T12:01:59.204Z"
"Wednesday, February 2, 2022",3,1,1,0,0,6,15,113,0,82,0,0,"2022-02-02T12:01:54.492Z"
"Tuesday, February 1, 2022",21,1,1,0,0,8,10,112,0,81,0,0,"2022-02-01T12:02:08.478Z"
"Monday, January 31, 2022",1,2,2,0,0,4,19,113,9,73,0,0,"2022-01-31T12:01:45.838Z"
"Sunday, January 30, 2022",3,1,1,0,0,4,15,110,6,73,0,0,"2022-01-30T12:01:50.356Z"
"Saturday, January 29, 2022",18,1,1,0,0,9,12,109,5,73,0,0,"2022-01-29T12:01:53.380Z"
"Friday, January 28, 2022",7,3,3,0,0,4,11,124,4,73,0,0,"2022-01-28T12:02:02.682Z"
"Thursday, January 27, 2022",1,3,3,0,0,1,13,122,4,71,0,0,"2022-01-27T12:02:03.363Z"
"Wednesday, January 26, 2022",11,1,1,0,0,14,13,119,1,71,0,0,"2022-01-26T12:01:48.421Z"
"Tuesday, January 25, 2022",10,2,2,0,0,3,10,121,1,73,0,0,"2022-01-25T12:02:07.395Z"
"Monday, January 24, 2022",1,2,2,0,0,0,15,120,2,73,0,0,"2022-01-24T12:02:01.272Z"
"Sunday, January 23, 2022",0,0,0,0,0,1,15,118,0,73,0,0,"2022-01-23T12:02:37.070Z"
"Saturday, January 22, 2022",4,2,1,0,1,9,14,118,0,73,0,0,"2022-01-22T12:01:53.141Z"
"Friday, January 21, 2022",14,1,1,0,0,11,8,118,16,59,0,0,"2022-01-21T12:02:01.917Z"
"Thursday, January 20, 2022",17,1,1,0,0,6,9,118,17,58,0,0,"2022-01-20T12:01:58.903Z"
"Wednesday, January 19, 2022",9,2,2,0,0,5,16,118,16,58,0,0,"2022-01-19T12:01:52.352Z"
"Tuesday, January 18, 2022",1,2,2,0,0,1,16,123,22,56,0,0,"2022-01-18T12:02:00.655Z"
"Monday, January 17, 2022",0,4,3,0,1,5,15,122,21,56,0,0,"2022-01-17T12:02:13.006Z"
"Sunday, January 16, 2022",0,2,2,0,0,1,11,118,18,56,0,0,"2022-01-16T12:01:58.920Z"
"Saturday, January 15, 2022",12,4,4,0,0,5,10,117,17,56,0,0,"2022-01-15T12:01:48.438Z"
"Friday, January 14, 2022",8,1,0,0,0,19,24,116,13,58,0,0,"2022-01-14T12:01:57.514Z"
"Thursday, January 13, 2022",7,0,0,0,0,4,9,120,13,59,0,0,"2022-01-13T12:02:10.552Z"
"Wednesday, January 12, 2022",7,1,1,0,0,7,9,120,13,59,0,0,"2022-01-12T12:02:06.777Z"
"Tuesday, January 11, 2022",9,0,0,0,0,2,7,126,15,62,0,0,"2022-01-11T12:02:13.784Z"
"Monday, January 10, 2022",1,1,1,0,0,1,14,130,16,63,0,0,"2022-01-10T12:02:01.765Z"
"Sunday, January 9, 2022",2,3,3,0,0,4,14,129,16,63,0,0,"2022-01-09T12:05:15.550Z"
"Saturday, January 8, 2022",10,3,3,0,0,7,11,126,14,62,0,0,"2022-01-08T12:01:47.468Z"
"Friday, January 7, 2022",6,4,4,0,0,3,10,126,13,62,0,0,"2022-01-07T12:02:01.732Z"
"Thursday, January 6, 2022",11,8,4,0,0,8,10,124,11,63,0,0,"2022-01-06T12:01:56.874Z"
"Wednesday, January 5, 2022",16,1,0,0,1,8,9,119,22,55,0,0,"2022-01-05T12:01:53.686Z"
"Tuesday, January 4, 2022",1,0,0,0,0,2,12,120,30,51,0,0,"2022-01-04T12:02:08.917Z"
"Monday, January 3, 2022",0,0,0,0,0,0,11,121,31,51,0,0,"2022-01-03T12:01:56.590Z"
"Sunday, January 2, 2022",1,0,0,0,0,1,11,121,31,51,0,0,"2022-01-02T12:01:43.450Z"
"Saturday, January 1, 2022",0,0,0,0,0,0,10,121,31,51,0,0,"2022-01-01T12:03:25.988Z"
"Friday, December 31, 2021",9,4,4,0,0,5,9,121,31,51,0,0,"2021-12-31T12:02:10.209Z"
"Thursday, December 30, 2021",2,3,3,0,0,0,10,117,27,51,0,0,"2021-12-30T12:01:46.229Z"
"Wednesday, December 29, 2021",1,1,1,0,0,1,12,115,25,52,0,0,"2021-12-29T12:02:03.038Z"
"Tuesday, December 28, 2021",1,2,2,0,0,1,11,114,24,52,0,0,"2021-12-28T12:02:05.628Z"
"Monday, December 27, 2021",1,4,4,0,0,1,10,112,22,52,0,0,"2021-12-27T12:06:50.733Z"
"Sunday, December 26, 2021",0,0,0,0,0,0,10,108,18,52,0,0,"2021-12-26T12:02:56.381Z"
"Saturday, December 25, 2021",1,4,3,0,1,3,10,108,18,52,0,0,"2021-12-25T12:01:50.323Z"
"Friday, December 24, 2021",12,3,2,0,1,9,7,104,16,51,0,0,"2021-12-24T12:02:06.103Z"
"Tuesday, December 14, 2021",20,2,2,0,0,5,7,94,33,30,0,0,"2021-12-14T16:54:53.687Z"
"Tuesday, November 23, 2021",24,10,10,0,0,12,11,154,7,36,52,6,"2021-11-23T12:05:23.189Z"
"Monday, November 22, 2021",2,4,2,0,2,3,16,157,3,39,52,6,"2021-11-22T12:05:10.892Z"
"Sunday, November 21, 2021",2,8,7,0,1,7,14,155,3,38,53,6,"2021-11-21T12:05:08.366Z"
"Saturday, November 20, 2021",49,10,4,1,4,33,9,150,4,32,53,6,"2021-11-20T12:04:55.665Z"
"Friday, November 19, 2021",15,12,3,1,0,10,12,207,2,70,51,10,"2021-11-19T12:05:11.926Z"
"Thursday, November 18, 2021",23,8,4,0,2,18,13,204,6,68,50,10,"2021-11-18T12:05:16.274Z"
"Wednesday, November 17, 2021",9,5,4,0,0,4,10,204,8,67,50,10,"2021-11-17T12:05:18.908Z"
"Tuesday, November 16, 2021",11,3,1,2,0,7,13,202,7,66,52,10,"2021-11-16T12:07:13.435Z"
"Monday, November 15, 2021",2,5,1,4,0,2,16,201,7,67,50,10,"2021-11-15T12:05:40.064Z"
"Sunday, November 14, 2021",1,8,6,1,1,2,14,197,10,65,46,10,"2021-11-14T12:05:17.813Z"
"Saturday, November 13, 2021",5,4,2,2,0,5,12,189,4,65,45,10,"2021-11-13T12:08:16.420Z"
"Friday, November 12, 2021",19,7,7,0,0,8,11,186,3,65,43,10,"2021-11-12T12:05:20.318Z"
"Thursday, November 11, 2021",10,3,2,1,0,5,16,180,1,63,43,10,"2021-11-11T12:05:19.502Z"
"Wednesday, November 10, 2021",7,3,1,0,1,7,18,220,4,78,44,11,"2021-11-10T12:05:26.569Z"
"Monday, November 8, 2021",5,3,1,2,0,4,18,217,4,77,43,11,"2021-11-08T12:05:08.981Z"
"Sunday, November 7, 2021",0,4,4,0,0,3,16,214,4,76,41,11,"2021-11-07T12:09:00.481Z"
"Saturday, November 6, 2021",2,0,0,0,0,3,13,211,1,76,41,11,"2021-11-06T12:07:11.382Z"
"Friday, November 5, 2021",2,4,2,1,1,6,13,211,1,76,41,11,"2021-11-05T12:05:33.159Z"
"Thursday, November 4, 2021",3,1,1,0,0,4,8,210,3,74,40,13,"2021-11-04T12:05:15.923Z"
"Wednesday, November 3, 2021",11,4,0,2,0,4,6,217,16,70,40,13,"2021-11-03T12:04:59.384Z"
"Tuesday, November 2, 2021",6,3,1,1,0,3,13,218,26,66,39,13,"2021-11-02T12:05:35.560Z"
"Monday, November 1, 2021",0,3,3,0,0,1,15,223,30,62,38,14,"2021-11-01T12:05:36.700Z"
"Sunday, October 31, 2021",1,1,1,0,0,1,14,221,27,63,38,14,"2021-10-31T12:05:07.491Z"
"Saturday, October 30, 2021",5,4,3,1,0,11,13,220,26,63,38,14,"2021-10-30T12:06:23.911Z"
"Friday, October 29, 2021",1,2,1,1,0,9,13,218,23,64,37,14,"2021-10-29T12:05:26.320Z"
"Thursday, October 28, 2021",0,5,5,0,0,9,9,220,35,53,36,14,"2021-10-28T12:05:36.934Z"
"Wednesday, October 27, 2021",1,1,1,0,0,14,10,216,31,53,36,14,"2021-10-27T12:05:11.199Z"
"Tuesday, October 26, 2021",4,4,2,1,0,6,4,215,30,53,36,14,"2021-10-26T12:06:21.795Z"
"Monday, October 25, 2021",1,3,2,1,0,1,7,217,30,53,36,14,"2021-10-25T12:05:36.120Z"
"Sunday, October 24, 2021",0,0,0,0,0,0,6,214,28,53,35,14,"2021-10-24T12:05:42.586Z"
"Saturday, October 23, 2021",7,3,2,1,0,16,6,214,28,53,35,14,"2021-10-23T12:05:23.725Z"
"Friday, October 22, 2021",2,2,1,1,0,7,10,212,26,53,34,15,"2021-10-22T12:05:17.551Z"
"Thursday, October 21, 2021",5,2,2,0,0,8,8,210,26,53,33,15,"2021-10-21T12:05:31.148Z"
"Wednesday, October 20, 2021",2,3,3,0,0,11,10,208,25,52,33,15,"2021-10-20T12:05:42.078Z"
"Tuesday, October 19, 2021",16,1,1,0,0,8,7,205,22,52,33,15,"2021-10-19T12:05:19.601Z"
"Monday, October 18, 2021",1,1,0,1,0,7,15,204,21,52,33,15,"2021-10-18T12:07:19.562Z"
"Sunday, October 17, 2021",1,0,0,0,0,5,9,203,21,52,32,15,"2021-10-17T12:05:17.702Z"
"Saturday, October 16, 2021",3,2,1,0,1,5,4,203,21,52,32,15,"2021-10-16T12:05:18.119Z"
"Friday, October 15, 2021",8,2,2,0,0,9,5,203,22,53,32,15,"2021-10-15T12:05:10.204Z"
"Thursday, October 14, 2021",8,3,3,0,0,6,7,202,21,53,32,15,"2021-10-14T12:15:34.689Z"
"Wednesday, October 13, 2021",16,5,4,0,0,3,8,199,18,53,32,15,"2021-10-13T12:15:38.734Z"
"Tuesday, October 12, 2021",7,3,3,0,0,6,19,197,15,54,33,14,"2021-10-12T12:05:36.457Z"
"Monday, October 11, 2021",3,1,1,0,0,2,18,195,12,54,33,15,"2021-10-11T12:06:07.437Z"
"Sunday, October 10, 2021",6,0,0,0,0,3,19,195,11,54,33,15,"2021-10-10T12:05:25.390Z"
"Saturday, October 9, 2021",1,5,3,1,1,3,19,195,11,54,33,15,"2021-10-09T12:05:15.979Z"
"Friday, October 8, 2021",1,2,1,1,0,5,17,190,9,54,32,15,"2021-10-08T12:05:24.361Z"
"Thursday, October 7, 2021",4,0,0,0,0,6,12,188,8,54,31,15,"2021-10-07T12:05:21.928Z"
"Wednesday, October 6, 2021",4,6,4,1,1,3,8,190,10,56,30,16,"2021-10-06T12:05:22.904Z"
"Tuesday, October 5, 2021",1,2,1,1,0,4,10,189,6,56,35,14,"2021-10-05T12:05:17.480Z"
"Monday, October 4, 2021",1,3,2,0,0,0,6,188,8,55,34,14,"2021-10-04T12:05:26.660Z"
"Sunday, October 3, 2021",3,1,1,0,0,3,6,186,7,55,34,14,"2021-10-03T12:05:31.684Z"
"Saturday, October 2, 2021",12,0,0,0,0,7,5,184,5,55,34,14,"2021-10-02T12:05:33.697Z"
"Friday, October 1, 2021",5,0,0,0,0,9,8,188,18,53,34,14,"2021-10-01T12:08:16.589Z"
"Thursday, September 30, 2021",5,3,1,1,0,5,6,193,29,50,34,14,"2021-09-30T12:06:24.182Z"
"Wednesday, September 29, 2021",6,5,4,1,0,1,9,190,28,50,33,14,"2021-09-29T12:05:28.424Z"
"Tuesday, September 28, 2021",4,1,0,0,1,6,14,190,23,51,34,12,"2021-09-28T12:05:21.122Z"
"Monday, September 27, 2021",1,0,0,0,0,1,12,197,23,52,41,12,"2021-09-27T12:05:19.921Z"
"Sunday, September 26, 2021",1,5,4,0,1,4,11,197,23,52,41,12,"2021-09-26T12:08:47.121Z"
"Saturday, September 25, 2021",9,2,1,0,0,2,8,192,19,52,41,12,"2021-09-25T12:06:27.156Z"
"Friday, September 24, 2021",9,3,2,0,0,7,11,190,18,52,41,12,"2021-09-24T12:05:17.886Z"
"Thursday, September 23, 2021",1,1,1,0,0,2,13,187,16,52,41,12,"2021-09-23T12:05:25.606Z"
"Wednesday, September 22, 2021",2,1,0,1,0,7,13,196,18,53,41,13,"2021-09-22T12:05:16.758Z"
"Tuesday, September 21, 2021",6,2,2,0,0,4,12,195,18,53,40,13,"2021-09-21T12:05:24.427Z"
"Monday, September 20, 2021",1,2,2,0,0,2,13,194,16,53,40,13,"2021-09-20T12:05:24.215Z"
"Sunday, September 19, 2021",1,0,0,0,0,5,11,192,14,53,40,13,"2021-09-19T12:05:42.171Z"
"Saturday, September 18, 2021",6,1,1,0,0,3,6,193,14,53,40,13,"2021-09-18T12:07:37.446Z"
"Friday, September 17, 2021",7,1,0,0,0,5,5,195,13,54,41,13,"2021-09-17T12:05:15.464Z"
"Thursday, September 16, 2021",4,2,2,0,0,3,4,195,14,54,41,13,"2021-09-16T12:05:30.904Z"
"Wednesday, September 15, 2021",16,4,2,1,0,6,4,194,12,54,41,14,"2021-09-15T12:05:55.219Z"
"Tuesday, September 14, 2021",7,4,4,0,0,7,12,191,12,52,43,12,"2021-09-14T12:07:03.530Z"
"Monday, September 13, 2021",1,1,1,0,0,0,10,187,8,52,43,12,"2021-09-13T12:08:08.013Z"
"Sunday, September 12, 2021",0,2,1,1,0,0,10,186,7,52,43,12,"2021-09-12T12:08:11.836Z"
"Saturday, September 11, 2021",2,2,0,2,0,2,10,184,6,52,42,12,"2021-09-11T12:06:55.070Z"
"Friday, September 10, 2021",6,0,0,0,0,4,11,181,6,52,39,12,"2021-09-10T12:04:51.984Z"
"Thursday, September 9, 2021",5,2,1,1,0,1,10,181,6,52,39,12,"2021-09-09T12:07:12.662Z"
"Wednesday, September 8, 2021",4,4,4,0,0,5,12,181,4,59,38,12,"2021-09-08T12:06:33.698Z"
"Tuesday, September 7, 2021",3,3,1,0,1,4,10,183,9,57,38,12,"2021-09-07T12:04:36.739Z"
"Monday, September 6, 2021",12,5,4,1,0,1,9,182,9,55,38,12,"2021-09-06T12:09:10.713Z"
"Sunday, September 5, 2021",2,2,2,0,0,5,12,177,5,55,38,12,"2021-09-05T12:09:11.805Z"
"Saturday, September 4, 2021",9,4,2,2,0,6,11,176,5,54,38,12,"2021-09-04T12:05:49.637Z"
"Friday, September 3, 2021",1,0,0,0,0,4,12,172,3,54,36,12,"2021-09-03T12:05:00.018Z"
"Thursday, September 2, 2021",18,4,3,1,0,5,8,172,3,54,36,12,"2021-09-02T12:04:50.438Z"
